"patient_id","ae_id","term","ctcae_grade","related_drug","onset_date","resolved_date","outcome"
"PT-1042","AE-1042-1","Anemia","2","Carboplatin + Pemetrexed","2026-05-25","","Ongoing (managed)"
"PT-1042","AE-1042-2","Fatigue","1","Carboplatin + Pemetrexed","2026-05-16","2026-05-29","Resolved"
"PT-1043","AE-1043-1","Hypothyroidism","1","Pembrolizumab","2026-04-19","2026-04-29","Resolved"
"PT-1043","AE-1043-2","Immune-related rash","1","Pembrolizumab","2026-04-11","2026-04-20","Resolved"
"PT-1044","AE-1044-1","Anemia","2","Carboplatin + Etoposide","2026-05-27","","Ongoing (managed)"
"PT-1044","AE-1044-2","Fatigue","1","Carboplatin + Etoposide","2026-05-26","2026-06-04","Resolved"
"PT-1048","AE-1048-1","Neutropenia","2","Doxorubicin + Cyclophosphamide","2026-04-15","","Ongoing (managed)"
"PT-1049","AE-1049-1","Fatigue","1","Letrozole + Palbociclib","2026-03-24","2026-04-03","Resolved"
"PT-1050","AE-1050-1","Neutropenia","2","FOLFOX","2026-04-17","","Ongoing (managed)"
"PT-1050","AE-1050-2","Peripheral neuropathy","1","FOLFOX","2026-04-04","2026-04-16","Resolved"
"PT-1051","AE-1051-1","Diarrhea","2","FOLFIRI","2026-04-28","","Ongoing (managed)"
"PT-1051","AE-1051-2","Neutropenia","1","FOLFIRI","2026-04-26","2026-05-23","Resolved"
"PT-1053","AE-1053-1","Colitis (immune-related)","2","Nivolumab + Ipilimumab","2026-05-04","","Ongoing (managed)"
"PT-1054","AE-1054-1","Anemia","2","FOLFIRINOX","2026-04-08","","Ongoing (managed)"
"PT-1055","AE-1055-1","Anemia","2","Carboplatin + Paclitaxel","2026-02-21","","Ongoing (managed)"
"PT-1057","AE-1057-1","Fatigue","1","Leuprolide (ADT)","2026-03-09","2026-03-30","Resolved"
"PT-1059","AE-1059-1","Anemia","2","Carboplatin + Pemetrexed","2026-04-13","","Ongoing (managed)"
"PT-1059","AE-1059-2","Fatigue","1","Carboplatin + Pemetrexed","2026-04-09","2026-04-20","Resolved"
"PT-1059","AE-1059-3","Nausea","1","Carboplatin + Pemetrexed","2026-04-03","2026-04-27","Resolved"
"PT-1061","AE-1061-1","Anemia","2","Cisplatin + Gemcitabine","2026-04-15","","Ongoing (managed)"
"PT-1063","AE-1063-1","Anemia","2","Carboplatin + Pemetrexed","2026-03-08","","Ongoing (managed)"
"PT-1063","AE-1063-2","Fatigue","1","Carboplatin + Pemetrexed","2026-03-06","2026-03-13","Resolved"
"PT-1064","AE-1064-1","Anemia","2","Carboplatin + Etoposide","2026-05-16","","Ongoing (managed)"
"PT-1064","AE-1064-2","Fatigue","1","Carboplatin + Etoposide","2026-05-13","2026-06-07","Resolved"
"PT-1064","AE-1064-3","Nausea","1","Carboplatin + Etoposide","2026-05-23","2026-06-13","Resolved"
"PT-1065","AE-1065-1","Left ventricular dysfunction","1","Trastuzumab + Pertuzumab + Docetaxel","2026-04-16","2026-05-08","Resolved"
"PT-1065","AE-1065-2","Fatigue","1","Trastuzumab + Pertuzumab + Docetaxel","2026-04-16","2026-05-08","Resolved"
