"patient_id","marker","gene","category","status","method","assessed_date"
"PT-1042","EGFR exon 20 insertion","EGFR","mutation","Detected","NGS (tumor)","2026-04-15"
"PT-1043","KRAS G12C","KRAS","mutation","Detected","NGS (tumor)","2026-03-10"
"PT-1045","ALK fusion (EML4-ALK)","ALK","fusion","Detected","NGS (tumor)","2026-06-01"
"PT-1046","PD-L1 high (TPS >= 50%)","CD274","expression","High","IHC 22C3","2026-05-05"
"PT-1047","HER2 amplification","ERBB2","amplification","Amplified","FISH","2026-04-28"
"PT-1048","BRCA1 mutation","BRCA1","mutation","Detected","NGS (germline)","2026-03-30"
"PT-1049","ER positive","ESR1","expression","Positive","IHC","2026-02-18"
"PT-1049","HER2 negative","ERBB2","amplification","Not amplified","FISH","2026-02-18"
"PT-1050","MSI-H","MMR","msi_status","MSI-High","IHC/PCR","2026-03-15"
"PT-1051","KRAS G12C","KRAS","mutation","Detected","NGS (tumor)","2026-04-02"
"PT-1051","MSS","MMR","msi_status","MSS","IHC/PCR","2026-04-02"
"PT-1052","BRAF V600E","BRAF","mutation","Detected","NGS (tumor)","2026-05-10"
"PT-1053","NRAS Q61K","NRAS","mutation","Detected","NGS (tumor)","2026-03-25"
"PT-1053","BRAF wild-type","BRAF","mutation","Not detected","NGS (tumor)","2026-03-25"
"PT-1054","BRCA2 mutation","BRCA2","mutation","Detected","NGS (germline)","2026-02-28"
"PT-1055","BRCA1 mutation","BRCA1","mutation","Detected","NGS (germline)","2026-01-20"
"PT-1056","PD-L1 high (TPS >= 50%)","CD274","expression","High","IHC 22C3","2026-04-08"
"PT-1057","BRCA2 mutation","BRCA2","mutation","Detected","NGS (germline)","2026-02-05"
"PT-1058","ROS1 fusion","ROS1","fusion","Detected","NGS (tumor)","2026-05-16"
"PT-1059","RET fusion","RET","fusion","Detected","NGS (tumor)","2026-03-12"
"PT-1060","MET exon 14 skipping","MET","mutation","Detected","NGS (tumor)","2026-04-22"
"PT-1061","PD-L1 low (TPS < 1%)","CD274","expression","Low","IHC 22C3","2026-03-08"
"PT-1062","EGFR L858R","EGFR","mutation","Detected","NGS (tumor)","2026-05-19"
"PT-1063","EGFR exon 20 insertion","EGFR","mutation","Detected","NGS (tumor)","2026-02-14"
"PT-1065","HER2 amplification","ERBB2","amplification","Amplified","FISH","2026-03-05"
"PT-1066","MSI-H","MMR","msi_status","MSI-High","IHC/PCR","2026-06-01"
