"patient_id","condition","icd10","status","noted_date"
"PT-1042","Chronic kidney disease, stage 3 (reduced renal function)","N18.30","Active","2025-08-15"
"PT-1042","Chronic obstructive pulmonary disease","J44.9","Active","2026-01-11"
"PT-1043","Hypothyroidism","E03.9","Active","2025-12-29"
"PT-1044","Gastroesophageal reflux disease","K21.9","Active","2026-02-07"
"PT-1044","Osteoarthritis","M19.90","Active","2024-08-24"
"PT-1046","Essential hypertension","I10","Active","2024-06-11"
"PT-1046","Osteoarthritis","M19.90","Active","2024-06-24"
"PT-1047","Hypothyroidism","E03.9","Active","2025-09-10"
"PT-1047","Gastroesophageal reflux disease","K21.9","Active","2025-08-02"
"PT-1048","Hypothyroidism","E03.9","Active","2024-12-22"
"PT-1048","Osteoarthritis","M19.90","Active","2024-02-01"
"PT-1049","Chronic obstructive pulmonary disease","J44.9","Active","2025-12-18"
"PT-1049","Osteoarthritis","M19.90","Active","2025-02-24"
"PT-1050","Osteoarthritis","M19.90","Active","2024-12-28"
"PT-1050","Essential hypertension","I10","Active","2024-01-17"
"PT-1051","Type 2 diabetes mellitus","E11.9","Active","2025-09-12"
"PT-1051","Essential hypertension","I10","Active","2025-12-11"
"PT-1053","Chronic kidney disease, stage 3 (reduced renal function)","N18.30","Active","2026-02-13"
"PT-1053","Chronic obstructive pulmonary disease","J44.9","Active","2026-02-01"
"PT-1054","Hypothyroidism","E03.9","Active","2026-01-01"
"PT-1054","Osteoarthritis","M19.90","Active","2025-09-08"
"PT-1055","Osteoarthritis","M19.90","Active","2024-09-18"
"PT-1056","Chronic kidney disease, stage 3 (reduced renal function)","N18.30","Active","2025-04-13"
"PT-1057","Hypothyroidism","E03.9","Active","2024-01-04"
"PT-1057","Gastroesophageal reflux disease","K21.9","Active","2024-01-15"
"PT-1060","Chronic kidney disease, stage 3 (reduced renal function)","N18.30","Active","2025-08-21"
"PT-1060","Gastroesophageal reflux disease","K21.9","Active","2025-04-01"
"PT-1060","Osteoarthritis","M19.90","Active","2024-04-25"
"PT-1062","Osteoarthritis","M19.90","Active","2025-07-14"
"PT-1063","Chronic kidney disease, stage 3 (reduced renal function)","N18.30","Active","2025-08-04"
"PT-1064","Gastroesophageal reflux disease","K21.9","Active","2026-01-26"
"PT-1064","Chronic obstructive pulmonary disease","J44.9","Active","2026-02-16"
"PT-1065","Chronic kidney disease, stage 3 (reduced renal function)","N18.30","Active","2026-01-18"
"PT-1065","Type 2 diabetes mellitus","E11.9","Active","2025-11-03"
"PT-1065","Essential hypertension","I10","Active","2024-02-12"
