"patient_id","trial_id","consent_status","consent_version","consent_date"
"PT-1042","NCT99004324","In progress","ICF v2.0",""
"PT-1043","NCT99004325","Signed","ICF v2.0","2026-07-02"
"PT-1044","NCT99004401","Not started","ICF v2.0",""
"PT-1045","NCT99004326","In progress","ICF v2.0",""
"PT-1046","NCT99004603","Signed","ICF v2.0","2026-07-05"
"PT-1047","NCT99004501","Signed","ICF v2.0","2026-07-06"
"PT-1048","NCT99004502","In progress","ICF v2.0",""
"PT-1049","NCT99004501","Not started","ICF v2.0",""
"PT-1050","NCT99004601","Signed","ICF v2.0","2026-07-09"
"PT-1051","NCT99004601","Not started","ICF v2.0",""
"PT-1052","NCT99004602","Signed","ICF v2.0","2026-07-11"
"PT-1053","NCT99004602","Not started","ICF v2.0",""
"PT-1054","NCT99004603","Not started","ICF v2.0",""
"PT-1055","NCT99004603","Not started","ICF v2.0",""
"PT-1056","NCT99004603","In progress","ICF v2.0",""
"PT-1057","NCT99004603","Not started","ICF v2.0",""
"PT-1058","NCT99004324","Not started","ICF v2.0",""
"PT-1059","NCT99004324","Not started","ICF v2.0",""
"PT-1060","NCT99004324","Not started","ICF v2.0",""
"PT-1061","NCT99004324","Not started","ICF v2.0",""
"PT-1062","NCT99004402","Signed","ICF v2.0","2026-07-09"
"PT-1063","NCT99004324","Not started","ICF v2.0",""
"PT-1064","NCT99004401","Not started","ICF v2.0",""
"PT-1065","NCT99004501","In progress","ICF v2.0",""
"PT-1066","NCT99004601","In progress","ICF v2.0",""
