"patient_id","lab_date","lab_type","value","unit","ref_low","ref_high"
"PT-1042","2026-05-20","CrCl_CKD-EPI","55","mL/min","60","120"
"PT-1042","2026-05-20","Creatinine","1.08","mg/dL","0.5","1.1"
"PT-1042","2026-06-18","CrCl_CKD-EPI","48","mL/min","60","120"
"PT-1042","2026-06-18","WBC","5.7","10^3/uL","4","11"
"PT-1042","2026-06-18","ANC","3.2","10^3/uL","1.5","8"
"PT-1042","2026-06-18","Hgb","10.8","g/dL","12","16"
"PT-1042","2026-06-18","PLT","211","10^3/uL","150","400"
"PT-1042","2026-06-18","ALT","29","U/L","7","56"
"PT-1042","2026-06-18","AST","31","U/L","10","40"
"PT-1042","2026-06-18","Creatinine","1.23","mg/dL","0.5","1.1"
"PT-1043","2026-06-20","CrCl_CKD-EPI","72","mL/min","60","120"
"PT-1043","2026-06-20","WBC","6.8","10^3/uL","4","11"
"PT-1043","2026-06-20","ANC","4.1","10^3/uL","1.5","8"
"PT-1043","2026-06-20","Hgb","11.4","g/dL","13.5","17.5"
"PT-1043","2026-06-20","PLT","245","10^3/uL","150","400"
"PT-1043","2026-06-20","ALT","34","U/L","7","56"
"PT-1043","2026-06-20","AST","28","U/L","10","40"
"PT-1043","2026-06-20","Creatinine","1.01","mg/dL","0.7","1.3"
"PT-1043","2026-05-22","CrCl_CKD-EPI","68","mL/min","60","120"
"PT-1044","2026-06-22","CrCl_CKD-EPI","88","mL/min","60","120"
"PT-1044","2026-06-22","WBC","4.9","10^3/uL","4","11"
"PT-1044","2026-06-22","ANC","2.6","10^3/uL","1.5","8"
"PT-1044","2026-06-22","Hgb","9.9","g/dL","12","16"
"PT-1044","2026-06-22","PLT","178","10^3/uL","150","400"
"PT-1044","2026-06-22","ALT","22","U/L","7","56"
"PT-1044","2026-06-22","AST","25","U/L","10","40"
"PT-1044","2026-06-22","Creatinine","0.76","mg/dL","0.5","1.1"
"PT-1044","2026-05-25","CrCl_CKD-EPI","84","mL/min","60","120"
"PT-1045","2026-06-25","CrCl_CKD-EPI","95","mL/min","60","120"
"PT-1045","2026-06-25","WBC","7.2","10^3/uL","4","11"
"PT-1045","2026-06-25","ANC","4.8","10^3/uL","1.5","8"
"PT-1045","2026-06-25","Hgb","13.7","g/dL","13.5","17.5"
"PT-1045","2026-06-25","PLT","289","10^3/uL","150","400"
"PT-1045","2026-06-25","ALT","19","U/L","7","56"
"PT-1045","2026-06-25","AST","21","U/L","10","40"
"PT-1045","2026-06-25","Creatinine","0.88","mg/dL","0.7","1.3"
"PT-1045","2026-05-28","CrCl_CKD-EPI","92","mL/min","60","120"
"PT-1046","2026-05-18","CrCl_CKD-EPI","71","mL/min","60","120"
"PT-1046","2026-06-15","CrCl_CKD-EPI","68","mL/min","60","120"
"PT-1046","2026-06-15","WBC","7.6","10^3/uL","4","11"
"PT-1046","2026-06-15","ANC","5.6","10^3/uL","1.5","8"
"PT-1046","2026-06-15","Hgb","14.9","g/dL","13.5","17.5"
"PT-1046","2026-06-15","PLT","239","10^3/uL","150","400"
"PT-1046","2026-06-15","ALT","40","U/L","7","56"
"PT-1046","2026-06-15","AST","24","U/L","10","40"
"PT-1046","2026-06-15","Creatinine","1.12","mg/dL","0.7","1.3"
"PT-1047","2026-05-19","CrCl_CKD-EPI","90","mL/min","60","120"
"PT-1047","2026-06-16","CrCl_CKD-EPI","88","mL/min","60","120"
"PT-1047","2026-06-16","WBC","4.2","10^3/uL","4","11"
"PT-1047","2026-06-16","ANC","2.6","10^3/uL","1.5","8"
"PT-1047","2026-06-16","Hgb","14.1","g/dL","12","16"
"PT-1047","2026-06-16","PLT","327","10^3/uL","150","400"
"PT-1047","2026-06-16","ALT","18","U/L","7","56"
"PT-1047","2026-06-16","AST","14","U/L","10","40"
"PT-1047","2026-06-16","Creatinine","1.07","mg/dL","0.5","1.1"
"PT-1048","2026-05-20","CrCl_CKD-EPI","78","mL/min","60","120"
"PT-1048","2026-06-17","CrCl_CKD-EPI","75","mL/min","60","120"
"PT-1048","2026-06-17","WBC","8.3","10^3/uL","4","11"
"PT-1048","2026-06-17","ANC","2.4","10^3/uL","1.5","8"
"PT-1048","2026-06-17","Hgb","11.3","g/dL","12","16"
"PT-1048","2026-06-17","PLT","272","10^3/uL","150","400"
"PT-1048","2026-06-17","ALT","23","U/L","7","56"
"PT-1048","2026-06-17","AST","25","U/L","10","40"
"PT-1048","2026-06-17","Creatinine","1.34","mg/dL","0.5","1.1"
"PT-1049","2026-05-21","CrCl_CKD-EPI","69","mL/min","60","120"
"PT-1049","2026-06-19","CrCl_CKD-EPI","70","mL/min","60","120"
"PT-1049","2026-06-19","WBC","4.6","10^3/uL","4","11"
"PT-1049","2026-06-19","ANC","4.0","10^3/uL","1.5","8"
"PT-1049","2026-06-19","Hgb","10.0","g/dL","12","16"
"PT-1049","2026-06-19","PLT","170","10^3/uL","150","400"
"PT-1049","2026-06-19","ALT","34","U/L","7","56"
"PT-1049","2026-06-19","AST","37","U/L","10","40"
"PT-1049","2026-06-19","Creatinine","1.18","mg/dL","0.5","1.1"
"PT-1050","2026-05-17","CrCl_CKD-EPI","83","mL/min","60","120"
"PT-1050","2026-06-14","CrCl_CKD-EPI","80","mL/min","60","120"
"PT-1050","2026-06-14","WBC","6.5","10^3/uL","4","11"
"PT-1050","2026-06-14","ANC","6.2","10^3/uL","1.5","8"
"PT-1050","2026-06-14","Hgb","11.3","g/dL","13.5","17.5"
"PT-1050","2026-06-14","PLT","214","10^3/uL","150","400"
"PT-1050","2026-06-14","ALT","35","U/L","7","56"
"PT-1050","2026-06-14","AST","27","U/L","10","40"
"PT-1050","2026-06-14","Creatinine","1.13","mg/dL","0.7","1.3"
"PT-1051","2026-05-16","CrCl_CKD-EPI","70","mL/min","60","120"
"PT-1051","2026-06-13","CrCl_CKD-EPI","66","mL/min","60","120"
"PT-1051","2026-06-13","WBC","8.4","10^3/uL","4","11"
"PT-1051","2026-06-13","ANC","3.7","10^3/uL","1.5","8"
"PT-1051","2026-06-13","Hgb","11.0","g/dL","13.5","17.5"
"PT-1051","2026-06-13","PLT","194","10^3/uL","150","400"
"PT-1051","2026-06-13","ALT","46","U/L","7","56"
"PT-1051","2026-06-13","AST","26","U/L","10","40"
"PT-1051","2026-06-13","Creatinine","1.11","mg/dL","0.7","1.3"
"PT-1052","2026-05-15","CrCl_CKD-EPI","95","mL/min","60","120"
"PT-1052","2026-06-12","CrCl_CKD-EPI","92","mL/min","60","120"
"PT-1052","2026-06-12","WBC","8.6","10^3/uL","4","11"
"PT-1052","2026-06-12","ANC","5.7","10^3/uL","1.5","8"
"PT-1052","2026-06-12","Hgb","15.1","g/dL","12","16"
"PT-1052","2026-06-12","PLT","175","10^3/uL","150","400"
"PT-1052","2026-06-12","ALT","40","U/L","7","56"
"PT-1052","2026-06-12","AST","21","U/L","10","40"
"PT-1052","2026-06-12","Creatinine","1.05","mg/dL","0.5","1.1"
"PT-1053","2026-05-14","CrCl_CKD-EPI","61","mL/min","60","120"
"PT-1053","2026-06-11","CrCl_CKD-EPI","58","mL/min","60","120"
"PT-1053","2026-06-11","WBC","5.8","10^3/uL","4","11"
"PT-1053","2026-06-11","ANC","6.3","10^3/uL","1.5","8"
"PT-1053","2026-06-11","Hgb","11.2","g/dL","13.5","17.5"
"PT-1053","2026-06-11","PLT","184","10^3/uL","150","400"
"PT-1053","2026-06-11","ALT","21","U/L","7","56"
"PT-1053","2026-06-11","AST","20","U/L","10","40"
"PT-1053","2026-06-11","Creatinine","1.33","mg/dL","0.7","1.3"
"PT-1054","2026-05-13","CrCl_CKD-EPI","66","mL/min","60","120"
"PT-1054","2026-06-10","CrCl_CKD-EPI","62","mL/min","60","120"
"PT-1054","2026-06-10","WBC","8.4","10^3/uL","4","11"
"PT-1054","2026-06-10","ANC","3.4","10^3/uL","1.5","8"
"PT-1054","2026-06-10","Hgb","11.0","g/dL","13.5","17.5"
"PT-1054","2026-06-10","PLT","258","10^3/uL","150","400"
"PT-1054","2026-06-10","ALT","27","U/L","7","56"
"PT-1054","2026-06-10","AST","33","U/L","10","40"
"PT-1054","2026-06-10","Creatinine","1.28","mg/dL","0.7","1.3"
"PT-1055","2026-05-12","CrCl_CKD-EPI","74","mL/min","60","120"
"PT-1055","2026-06-09","CrCl_CKD-EPI","71","mL/min","60","120"
"PT-1055","2026-06-09","WBC","4.8","10^3/uL","4","11"
"PT-1055","2026-06-09","ANC","5.1","10^3/uL","1.5","8"
"PT-1055","2026-06-09","Hgb","10.1","g/dL","12","16"
"PT-1055","2026-06-09","PLT","301","10^3/uL","150","400"
"PT-1055","2026-06-09","ALT","31","U/L","7","56"
"PT-1055","2026-06-09","AST","16","U/L","10","40"
"PT-1055","2026-06-09","Creatinine","1.34","mg/dL","0.5","1.1"
"PT-1056","2026-05-20","CrCl_CKD-EPI","59","mL/min","60","120"
"PT-1056","2026-06-18","CrCl_CKD-EPI","54","mL/min","60","120"
"PT-1056","2026-06-18","WBC","8.5","10^3/uL","4","11"
"PT-1056","2026-06-18","ANC","4.9","10^3/uL","1.5","8"
"PT-1056","2026-06-18","Hgb","13.4","g/dL","13.5","17.5"
"PT-1056","2026-06-18","PLT","292","10^3/uL","150","400"
"PT-1056","2026-06-18","ALT","25","U/L","7","56"
"PT-1056","2026-06-18","AST","22","U/L","10","40"
"PT-1056","2026-06-18","Creatinine","1.13","mg/dL","0.7","1.3"
"PT-1057","2026-05-11","CrCl_CKD-EPI","67","mL/min","60","120"
"PT-1057","2026-06-08","CrCl_CKD-EPI","63","mL/min","60","120"
"PT-1057","2026-06-08","WBC","7.2","10^3/uL","4","11"
"PT-1057","2026-06-08","ANC","2.1","10^3/uL","1.5","8"
"PT-1057","2026-06-08","Hgb","9.6","g/dL","13.5","17.5"
"PT-1057","2026-06-08","PLT","284","10^3/uL","150","400"
"PT-1057","2026-06-08","ALT","45","U/L","7","56"
"PT-1057","2026-06-08","AST","32","U/L","10","40"
"PT-1057","2026-06-08","Creatinine","0.94","mg/dL","0.7","1.3"
"PT-1058","2026-05-24","CrCl_CKD-EPI","86","mL/min","60","120"
"PT-1058","2026-06-21","CrCl_CKD-EPI","84","mL/min","60","120"
"PT-1058","2026-06-21","WBC","5.4","10^3/uL","4","11"
"PT-1058","2026-06-21","ANC","6.5","10^3/uL","1.5","8"
"PT-1058","2026-06-21","Hgb","13.9","g/dL","12","16"
"PT-1058","2026-06-21","PLT","252","10^3/uL","150","400"
"PT-1058","2026-06-21","ALT","43","U/L","7","56"
"PT-1058","2026-06-21","AST","15","U/L","10","40"
"PT-1058","2026-06-21","Creatinine","1.13","mg/dL","0.5","1.1"
"PT-1059","2026-05-26","CrCl_CKD-EPI","80","mL/min","60","120"
"PT-1059","2026-06-23","CrCl_CKD-EPI","77","mL/min","60","120"
"PT-1059","2026-06-23","WBC","7.8","10^3/uL","4","11"
"PT-1059","2026-06-23","ANC","3.6","10^3/uL","1.5","8"
"PT-1059","2026-06-23","Hgb","11.2","g/dL","12","16"
"PT-1059","2026-06-23","PLT","189","10^3/uL","150","400"
"PT-1059","2026-06-23","ALT","47","U/L","7","56"
"PT-1059","2026-06-23","AST","24","U/L","10","40"
"PT-1059","2026-06-23","Creatinine","1.21","mg/dL","0.5","1.1"
"PT-1060","2026-05-27","CrCl_CKD-EPI","56","mL/min","60","120"
"PT-1060","2026-06-24","CrCl_CKD-EPI","51","mL/min","60","120"
"PT-1060","2026-06-24","WBC","8.7","10^3/uL","4","11"
"PT-1060","2026-06-24","ANC","3.0","10^3/uL","1.5","8"
"PT-1060","2026-06-24","Hgb","12.9","g/dL","13.5","17.5"
"PT-1060","2026-06-24","PLT","281","10^3/uL","150","400"
"PT-1060","2026-06-24","ALT","28","U/L","7","56"
"PT-1060","2026-06-24","AST","29","U/L","10","40"
"PT-1060","2026-06-24","Creatinine","1.26","mg/dL","0.7","1.3"
"PT-1061","2026-05-29","CrCl_CKD-EPI","72","mL/min","60","120"
"PT-1061","2026-06-26","CrCl_CKD-EPI","69","mL/min","60","120"
"PT-1061","2026-06-26","WBC","6.1","10^3/uL","4","11"
"PT-1061","2026-06-26","ANC","3.2","10^3/uL","1.5","8"
"PT-1061","2026-06-26","Hgb","11.2","g/dL","13.5","17.5"
"PT-1061","2026-06-26","PLT","301","10^3/uL","150","400"
"PT-1061","2026-06-26","ALT","39","U/L","7","56"
"PT-1061","2026-06-26","AST","33","U/L","10","40"
"PT-1061","2026-06-26","Creatinine","1.18","mg/dL","0.7","1.3"
"PT-1062","2026-05-30","CrCl_CKD-EPI","78","mL/min","60","120"
"PT-1062","2026-06-27","CrCl_CKD-EPI","73","mL/min","60","120"
"PT-1062","2026-06-27","WBC","4.4","10^3/uL","4","11"
"PT-1062","2026-06-27","ANC","2.1","10^3/uL","1.5","8"
"PT-1062","2026-06-27","Hgb","13.7","g/dL","12","16"
"PT-1062","2026-06-27","PLT","346","10^3/uL","150","400"
"PT-1062","2026-06-27","ALT","15","U/L","7","56"
"PT-1062","2026-06-27","AST","16","U/L","10","40"
"PT-1062","2026-06-27","Creatinine","1.14","mg/dL","0.5","1.1"
"PT-1063","2026-05-31","CrCl_CKD-EPI","47","mL/min","60","120"
"PT-1063","2026-06-28","CrCl_CKD-EPI","44","mL/min","60","120"
"PT-1063","2026-06-28","WBC","7.8","10^3/uL","4","11"
"PT-1063","2026-06-28","ANC","5.5","10^3/uL","1.5","8"
"PT-1063","2026-06-28","Hgb","10.6","g/dL","12","16"
"PT-1063","2026-06-28","PLT","297","10^3/uL","150","400"
"PT-1063","2026-06-28","ALT","28","U/L","7","56"
"PT-1063","2026-06-28","AST","15","U/L","10","40"
"PT-1063","2026-06-28","Creatinine","1.13","mg/dL","0.5","1.1"
"PT-1064","2026-06-01","CrCl_CKD-EPI","85","mL/min","60","120"
"PT-1064","2026-06-29","CrCl_CKD-EPI","82","mL/min","60","120"
"PT-1064","2026-06-29","WBC","4.3","10^3/uL","4","11"
"PT-1064","2026-06-29","ANC","5.1","10^3/uL","1.5","8"
"PT-1064","2026-06-29","Hgb","11.0","g/dL","13.5","17.5"
"PT-1064","2026-06-29","PLT","291","10^3/uL","150","400"
"PT-1064","2026-06-29","ALT","29","U/L","7","56"
"PT-1064","2026-06-29","AST","18","U/L","10","40"
"PT-1064","2026-06-29","Creatinine","0.85","mg/dL","0.7","1.3"
"PT-1065","2026-06-02","CrCl_CKD-EPI","52","mL/min","60","120"
"PT-1065","2026-06-30","CrCl_CKD-EPI","47","mL/min","60","120"
"PT-1065","2026-06-30","WBC","4.8","10^3/uL","4","11"
"PT-1065","2026-06-30","ANC","3.6","10^3/uL","1.5","8"
"PT-1065","2026-06-30","Hgb","9.5","g/dL","12","16"
"PT-1065","2026-06-30","PLT","343","10^3/uL","150","400"
"PT-1065","2026-06-30","ALT","17","U/L","7","56"
"PT-1065","2026-06-30","AST","21","U/L","10","40"
"PT-1065","2026-06-30","Creatinine","1.04","mg/dL","0.5","1.1"
"PT-1066","2026-06-03","CrCl_CKD-EPI","93","mL/min","60","120"
"PT-1066","2026-07-01","CrCl_CKD-EPI","90","mL/min","60","120"
"PT-1066","2026-07-01","WBC","6.7","10^3/uL","4","11"
"PT-1066","2026-07-01","ANC","5.9","10^3/uL","1.5","8"
"PT-1066","2026-07-01","Hgb","15.3","g/dL","13.5","17.5"
"PT-1066","2026-07-01","PLT","216","10^3/uL","150","400"
"PT-1066","2026-07-01","ALT","23","U/L","7","56"
"PT-1066","2026-07-01","AST","30","U/L","10","40"
"PT-1066","2026-07-01","Creatinine","0.86","mg/dL","0.7","1.3"
