"patient_id","mrn","display_name","sex","age","ecog_ps","primary_diagnosis","diagnosis_icd10","cancer_type","stage","staging_date","treating_oncologist_id","coordinator_id","archetype"
"PT-1042","MRN-0001042","Alex Morgan","F","61","1","Metastatic NSCLC adenocarcinoma","C34.90","NSCLC","IV","2026-04-15","PI-01","COORD-01","borderline"
"PT-1043","MRN-0001043","Sam Carter","M","67","2","Metastatic NSCLC adenocarcinoma","C34.90","NSCLC","IV","2026-03-10","PI-01","COORD-01","clear_eligible"
"PT-1044","MRN-0001044","Riley Chen","F","58","1","Extensive-stage SCLC","C34.10","SCLC","ES","2026-05-02","PI-01","COORD-01","borderline"
"PT-1045","MRN-0001045","Taylor Brooks","M","54","0","Metastatic NSCLC adenocarcinoma","C34.90","NSCLC","IV","2026-06-01","PI-01","COORD-01","treatment_naive_hold"
"PT-1046","MRN-0001046","Jesse Rivera","M","63","1","Metastatic NSCLC, squamous cell carcinoma","C34.90","NSCLC squamous","IV","2026-05-05","PI-01","COORD-01","clear_eligible"
"PT-1047","MRN-0001047","Robin Patel","F","52","0","Metastatic breast carcinoma, HER2-positive","C50.919","Breast HER2+","IV","2026-04-28","PI-02","COORD-02","clear_eligible"
"PT-1048","MRN-0001048","Casey Nguyen","F","59","1","Metastatic triple-negative breast carcinoma","C50.919","Breast TNBC","IV","2026-03-30","PI-02","COORD-02","borderline"
"PT-1049","MRN-0001049","Avery Thompson","F","64","1","Metastatic breast carcinoma, hormone-receptor positive","C50.919","Breast HR+","IV","2026-02-18","PI-02","COORD-02","biomarker_mismatch"
"PT-1050","MRN-0001050","Drew Foster","M","55","1","Metastatic colorectal adenocarcinoma, microsatellite instability-high","C18.9","Colorectal","IV","2026-03-15","PI-03","COORD-03","clear_eligible"
"PT-1051","MRN-0001051","Reese Morgan","M","61","1","Metastatic colorectal adenocarcinoma, microsatellite stable","C18.9","Colorectal","IV","2026-04-02","PI-03","COORD-03","biomarker_mismatch"
"PT-1052","MRN-0001052","Quinn Alvarez","F","48","0","Metastatic cutaneous melanoma","C43.9","Melanoma","IV","2026-05-10","PI-03","COORD-03","clear_eligible"
"PT-1053","MRN-0001053","Sky Bennett","M","70","1","Metastatic cutaneous melanoma, BRAF wild-type","C43.9","Melanoma","IV","2026-03-25","PI-03","COORD-03","biomarker_mismatch"
"PT-1054","MRN-0001054","Emerson Reed","M","67","1","Metastatic pancreatic adenocarcinoma","C25.9","Pancreatic","IV","2026-02-28","PI-03","COORD-03","borderline"
"PT-1055","MRN-0001055","Harper Diaz","F","60","1","Recurrent high-grade serous ovarian carcinoma","C56.9","Ovarian","IV","2026-01-20","PI-03","COORD-03","borderline"
"PT-1056","MRN-0001056","Rowan Clarke","M","58","1","Metastatic clear cell renal cell carcinoma","C64.9","RCC","IV","2026-04-08","PI-03","COORD-03","borderline"
"PT-1057","MRN-0001057","Sawyer Hughes","M","72","2","Metastatic castration-resistant prostate carcinoma","C61","Prostate","IV","2026-02-05","PI-03","COORD-03","hard_excluded"
"PT-1058","MRN-0001058","Finley Ross","F","56","1","Metastatic NSCLC, adenocarcinoma","C34.90","NSCLC","IV","2026-05-16","PI-01","COORD-01","treatment_naive_hold"
"PT-1059","MRN-0001059","Kai Sanders","F","62","1","Metastatic NSCLC, adenocarcinoma","C34.90","NSCLC","IV","2026-03-12","PI-01","COORD-01","biomarker_mismatch"
"PT-1060","MRN-0001060","Elliot Ward","M","65","2","Metastatic NSCLC, adenocarcinoma","C34.90","NSCLC","IV","2026-04-22","PI-01","COORD-01","biomarker_mismatch"
"PT-1061","MRN-0001061","Marlowe Price","M","59","1","Metastatic NSCLC, squamous cell carcinoma","C34.90","NSCLC squamous","IV","2026-03-08","PI-01","COORD-01","biomarker_mismatch"
"PT-1062","MRN-0001062","Blair Coleman","F","53","1","Metastatic NSCLC, adenocarcinoma","C34.90","NSCLC","IV","2026-05-19","PI-01","COORD-01","clear_eligible"
"PT-1063","MRN-0001063","Arden Fox","F","57","3","Metastatic NSCLC, adenocarcinoma","C34.90","NSCLC","IV","2026-02-14","PI-01","COORD-01","hard_excluded"
"PT-1064","MRN-0001064","Tatum Grant","M","69","1","Extensive-stage small cell lung cancer (SCLC)","C34.10","SCLC","ES","2026-04-18","PI-01","COORD-01","borderline"
"PT-1065","MRN-0001065","Sage Murphy","F","51","1","Metastatic breast carcinoma, HER2-positive","C50.919","Breast HER2+","IV","2026-03-05","PI-02","COORD-02","borderline"
"PT-1066","MRN-0001066","Lennox Bailey","M","66","0","Metastatic colorectal adenocarcinoma, microsatellite instability-high","C18.9","Colorectal","IV","2026-06-01","PI-03","COORD-03","treatment_naive_hold"
