"patient_id","assessment_date","timepoint","overall_response","target_lesion_sum_mm","method"
"PT-1042","2026-04-22","Baseline","Baseline","86","CT chest/abdomen/pelvis (RECIST 1.1)"
"PT-1042","2026-06-18","Follow-up","Partial response","52","CT chest/abdomen/pelvis (RECIST 1.1)"
"PT-1043","2026-03-29","Baseline","Baseline","61","CT chest/abdomen/pelvis (RECIST 1.1)"
"PT-1043","2026-05-26","Follow-up","Stable disease","55","CT chest/abdomen/pelvis (RECIST 1.1)"
"PT-1044","2026-05-14","Baseline","Baseline","77","CT chest/abdomen/pelvis (RECIST 1.1)"
"PT-1044","2026-07-21","Follow-up","Partial response","46","CT chest/abdomen/pelvis (RECIST 1.1)"
"PT-1045","2026-06-10","Baseline","Baseline","80","CT chest/abdomen/pelvis (RECIST 1.1)"
"PT-1045","2026-08-16","Follow-up","Stable disease","72","CT chest/abdomen/pelvis (RECIST 1.1)"
"PT-1046","2026-05-14","Baseline","Baseline","74","CT chest/abdomen/pelvis (RECIST 1.1)"
"PT-1047","2026-05-18","Baseline","Baseline","77","CT chest/abdomen/pelvis (RECIST 1.1)"
"PT-1048","2026-04-11","Baseline","Baseline","69","CT chest/abdomen/pelvis (RECIST 1.1)"
"PT-1048","2026-06-22","Follow-up","Partial response","41","CT chest/abdomen/pelvis (RECIST 1.1)"
"PT-1049","2026-03-10","Baseline","Baseline","69","CT chest/abdomen/pelvis (RECIST 1.1)"
"PT-1049","2026-05-11","Follow-up","Stable disease","62","CT chest/abdomen/pelvis (RECIST 1.1)"
"PT-1050","2026-03-26","Baseline","Baseline","61","CT chest/abdomen/pelvis (RECIST 1.1)"
"PT-1050","2026-05-22","Follow-up","Partial response","37","CT chest/abdomen/pelvis (RECIST 1.1)"
"PT-1051","2026-04-10","Baseline","Baseline","82","CT chest/abdomen/pelvis (RECIST 1.1)"
"PT-1051","2026-06-16","Follow-up","Stable disease","74","CT chest/abdomen/pelvis (RECIST 1.1)"
"PT-1052","2026-05-30","Baseline","Baseline","84","CT chest/abdomen/pelvis (RECIST 1.1)"
"PT-1053","2026-04-13","Baseline","Baseline","60","CT chest/abdomen/pelvis (RECIST 1.1)"
"PT-1053","2026-07-06","Follow-up","Progressive disease","75","CT chest/abdomen/pelvis (RECIST 1.1)"
"PT-1054","2026-03-11","Baseline","Baseline","55","CT chest/abdomen/pelvis (RECIST 1.1)"
"PT-1054","2026-05-15","Follow-up","Partial response","33","CT chest/abdomen/pelvis (RECIST 1.1)"
"PT-1055","2026-01-28","Baseline","Baseline","70","CT chest/abdomen/pelvis (RECIST 1.1)"
"PT-1055","2026-04-05","Follow-up","Partial response","42","CT chest/abdomen/pelvis (RECIST 1.1)"
"PT-1056","2026-04-27","Baseline","Baseline","91","CT chest/abdomen/pelvis (RECIST 1.1)"
"PT-1057","2026-02-23","Baseline","Baseline","67","CT chest/abdomen/pelvis (RECIST 1.1)"
"PT-1057","2026-05-15","Follow-up","Stable disease","60","CT chest/abdomen/pelvis (RECIST 1.1)"
"PT-1058","2026-05-23","Baseline","Baseline","84","CT chest/abdomen/pelvis (RECIST 1.1)"
"PT-1059","2026-03-28","Baseline","Baseline","56","CT chest/abdomen/pelvis (RECIST 1.1)"
"PT-1059","2026-06-16","Follow-up","Partial response","34","CT chest/abdomen/pelvis (RECIST 1.1)"
"PT-1060","2026-05-09","Baseline","Baseline","55","CT chest/abdomen/pelvis (RECIST 1.1)"
"PT-1061","2026-03-20","Baseline","Baseline","56","CT chest/abdomen/pelvis (RECIST 1.1)"
"PT-1061","2026-06-09","Follow-up","Stable disease","50","CT chest/abdomen/pelvis (RECIST 1.1)"
"PT-1062","2026-06-09","Baseline","Baseline","64","CT chest/abdomen/pelvis (RECIST 1.1)"
"PT-1063","2026-02-24","Baseline","Baseline","66","CT chest/abdomen/pelvis (RECIST 1.1)"
"PT-1063","2026-04-30","Follow-up","Progressive disease","82","CT chest/abdomen/pelvis (RECIST 1.1)"
"PT-1064","2026-05-07","Baseline","Baseline","81","CT chest/abdomen/pelvis (RECIST 1.1)"
"PT-1064","2026-07-24","Follow-up","Partial response","49","CT chest/abdomen/pelvis (RECIST 1.1)"
"PT-1065","2026-03-20","Baseline","Baseline","70","CT chest/abdomen/pelvis (RECIST 1.1)"
"PT-1065","2026-05-20","Follow-up","Partial response","42","CT chest/abdomen/pelvis (RECIST 1.1)"
"PT-1066","2026-06-15","Baseline","Baseline","83","CT chest/abdomen/pelvis (RECIST 1.1)"
