"slot_id","site_id","slot_type","date","time","available","assigned_patient_id"
"SLOT-20260708-0900-SCR","SITE-01","Screening","2026-07-08","09:00","true",""
"SLOT-20260708-1030-SCR","SITE-01","Screening","2026-07-08","10:30","false","PT-1043"
"SLOT-20260709-1300-SCR","SITE-01","Screening","2026-07-09","13:00","true",""
"SLOT-20260709-1430-LAB","SITE-01","Lab repeat","2026-07-09","14:30","true",""
"SLOT-20260710-1000-PI","SITE-01","PI consult","2026-07-10","10:00","false","PT-1042"
"SLOT-20260713-0900-SCR","SITE-01","Screening","2026-07-13","09:00","true",""
"SLOT-20260708-1300-02SCR","SITE-02","Screening","2026-07-08","13:00","true",""
"SLOT-20260710-1500-02LAB","SITE-02","Lab repeat","2026-07-10","15:00","true",""
"SLOT-20260712-1500-02PI","SITE-02","PI consult","2026-07-12","15:00","true",""
"SLOT-20260708-1500-03SCR","SITE-03","Screening","2026-07-08","15:00","true",""
"SLOT-20260710-1200-03LAB","SITE-03","Lab repeat","2026-07-10","12:00","true",""
"SLOT-20260712-1400-03PI","SITE-03","PI consult","2026-07-12","14:00","true",""
