"patient_id","line","drug_name","drug_class","start_date","end_date","cycles_completed","best_response","reason_stopped"
"PT-1042","1","Carboplatin + Pemetrexed","Platinum doublet","2026-04-22","2026-06-12","3","Partial response","Completed planned induction; evaluating trial maintenance option"
"PT-1043","1","Pembrolizumab","PD-1 inhibitor","2026-03-24","","4","Stable disease","Ongoing therapy"
"PT-1044","1","Carboplatin + Etoposide","Platinum doublet","2026-05-08","2026-06-19","2","Partial response","Transitioning to maintenance evaluation"
"PT-1045","0","None","Treatment-naive","","","0","Not applicable","New diagnosis; treatment not yet started"
"PT-1046","0","None","Treatment-naive","","","0","Not applicable","New diagnosis; treatment not yet started"
"PT-1047","0","None","Treatment-naive","","","0","Not applicable","New diagnosis; treatment not yet started"
"PT-1048","1","Doxorubicin + Cyclophosphamide","Anthracycline regimen","2026-04-05","2026-06-01","3","Partial response","Completed planned course; evaluating next-line options"
"PT-1049","1","Letrozole + Palbociclib","CDK4/6 inhibitor combination","2026-02-25","","6","Stable disease","Ongoing therapy"
"PT-1050","1","FOLFOX","Fluoropyrimidine + platinum","2026-03-22","2026-05-30","4","Partial response","Completed planned course; evaluating next-line options"
"PT-1051","2","FOLFIRI","Fluoropyrimidine + irinotecan","2026-04-10","","5","Stable disease","Ongoing therapy"
"PT-1052","0","None","Treatment-naive","","","0","Not applicable","New diagnosis; treatment not yet started"
"PT-1053","1","Nivolumab + Ipilimumab","Checkpoint inhibitor combination","2026-03-30","2026-05-28","4","Progressive disease","Discontinued for disease progression"
"PT-1054","1","FOLFIRINOX","Multi-agent chemotherapy","2026-03-05","2026-05-25","2","Partial response","Completed planned course; evaluating next-line options"
"PT-1055","1","Carboplatin + Paclitaxel","Platinum doublet","2026-01-27","2026-04-15","3","Partial response","Completed planned course; evaluating next-line options"
"PT-1056","0","None","Treatment-naive","","","0","Not applicable","New diagnosis; treatment not yet started"
"PT-1057","1","Leuprolide (ADT)","Androgen deprivation therapy","2026-02-12","","5","Stable disease","Ongoing therapy"
"PT-1057","2","Abiraterone","Androgen biosynthesis inhibitor","2026-04-20","","5","Stable disease","Ongoing therapy"
"PT-1058","0","None","Treatment-naive","","","0","Not applicable","New diagnosis; treatment not yet started"
"PT-1059","1","Carboplatin + Pemetrexed","Platinum doublet","2026-03-18","2026-05-20","2","Partial response","Completed planned course; evaluating next-line options"
"PT-1060","0","None","Treatment-naive","","","0","Not applicable","New diagnosis; treatment not yet started"
"PT-1061","1","Cisplatin + Gemcitabine","Platinum doublet","2026-03-15","2026-05-18","2","Stable disease","Completed planned course; evaluating next-line options"
"PT-1062","0","None","Treatment-naive","","","0","Not applicable","New diagnosis; treatment not yet started"
"PT-1063","1","Carboplatin + Pemetrexed","Platinum doublet","2026-02-20","2026-04-30","3","Progressive disease","Discontinued for disease progression"
"PT-1064","1","Carboplatin + Etoposide","Platinum doublet","2026-04-24","2026-06-10","3","Partial response","Completed planned course; evaluating next-line options"
"PT-1065","1","Trastuzumab + Pertuzumab + Docetaxel","Anti-HER2 therapy","2026-03-12","2026-05-22","5","Partial response","Completed planned course; evaluating next-line options"
"PT-1066","0","None","Treatment-naive","","","0","Not applicable","New diagnosis; treatment not yet started"
