"patient_id","trial_id","status","screening_date","coordinator_id","notes"
"PT-1042","NCT99004324","Pre-screening","2026-07-06","COORD-01","EGFR exon 20 insertion documented; renal threshold pending repeat CrCl because latest CKD-EPI CrCl is 48 mL/min against 50 mL/min minimum."
"PT-1043","NCT99004325","Screening","2026-07-02","COORD-01","KRAS G12C documented; ECOG 2 allowed; baseline labs adequate."
"PT-1044","NCT99004401","Not enrolled","2026-06-28","COORD-01","Trial active not recruiting; patient tracked for future SCLC maintenance options."
"PT-1045","NCT99004326","Pre-screening","2026-07-05","COORD-01","ALK fusion documented; treatment-naive status requires PI review against protocol line-of-therapy requirements."
"PT-1046","NCT99004603","Screening","2026-07-05","COORD-01","PD-L1 high (TPS >= 50%) documented; baseline criteria adequate for NCT99004603 screening."
"PT-1047","NCT99004501","Screening","2026-07-06","COORD-02","HER2 amplification documented; baseline criteria adequate for NCT99004501 screening."
"PT-1048","NCT99004502","Pre-screening","2026-07-07","COORD-02","BRCA1 mutation documented; baseline criteria adequate for NCT99004502 screening."
"PT-1049","NCT99004501","Not enrolled","2026-07-08","COORD-02","Biomarker/cancer-type profile (ER positive, HER2 negative) does not match NCT99004501 requirements; tracked for future options."
"PT-1050","NCT99004601","Screening","2026-07-09","COORD-03","MSI-H documented; baseline criteria adequate for NCT99004601 screening."
"PT-1051","NCT99004601","Not enrolled","2026-07-10","COORD-03","Biomarker/cancer-type profile (KRAS G12C, MSS) does not match NCT99004601 requirements; tracked for future options."
"PT-1052","NCT99004602","Screening","2026-07-11","COORD-03","BRAF V600E documented; baseline criteria adequate for NCT99004602 screening."
"PT-1053","NCT99004602","Not enrolled","2026-07-12","COORD-03","Biomarker/cancer-type profile (NRAS Q61K, BRAF wild-type) does not match NCT99004602 requirements; tracked for future options."
"PT-1054","NCT99004603","Not enrolled","2026-07-01","COORD-03","Biomarker/cancer-type profile (BRCA2 mutation) does not match NCT99004603 requirements; tracked for future options."
"PT-1055","NCT99004603","Not enrolled","2026-07-02","COORD-03","Biomarker/cancer-type profile (BRCA1 mutation) does not match NCT99004603 requirements; tracked for future options."
"PT-1056","NCT99004603","Pre-screening","2026-07-03","COORD-03","PD-L1 high (TPS >= 50%) documented; baseline criteria adequate for NCT99004603 screening."
"PT-1057","NCT99004603","Not enrolled","2026-07-04","COORD-03","Biomarker/cancer-type profile (BRCA2 mutation) does not match NCT99004603 requirements; tracked for future options."
"PT-1058","NCT99004324","Not enrolled","2026-07-05","COORD-01","Biomarker/cancer-type profile (ROS1 fusion) does not match NCT99004324 requirements; tracked for future options."
"PT-1059","NCT99004324","Not enrolled","2026-07-06","COORD-01","Biomarker/cancer-type profile (RET fusion) does not match NCT99004324 requirements; tracked for future options."
"PT-1060","NCT99004324","Not enrolled","2026-07-07","COORD-01","Biomarker/cancer-type profile (MET exon 14 skipping) does not match NCT99004324 requirements; tracked for future options."
"PT-1061","NCT99004324","Not enrolled","2026-07-08","COORD-01","Biomarker/cancer-type profile (PD-L1 low (TPS < 1%)) does not match NCT99004324 requirements; tracked for future options."
"PT-1062","NCT99004402","Screening","2026-07-09","COORD-01","EGFR L858R documented; baseline criteria adequate for NCT99004402 screening."
"PT-1063","NCT99004324","Not enrolled","2026-07-10","COORD-01","NCT99004324 closed to new enrollment or performance status outside protocol; tracked for future options."
"PT-1064","NCT99004401","Not enrolled","2026-07-11","COORD-01","NCT99004401 closed to new enrollment or performance status outside protocol; tracked for future options."
"PT-1065","NCT99004501","Pre-screening","2026-07-12","COORD-02","HER2 amplification documented; renal function pending repeat CrCl before NCT99004501 screening can advance."
"PT-1066","NCT99004601","Pre-screening","2026-07-01","COORD-03","MSI-H documented; treatment-naive status requires PI review against protocol line-of-therapy requirements."
