"trial_id","short_title","condition","cancer_type","phase","status","site_id","ecog_max","crcl_min","biomarker_required","latest_protocol"
"NCT99004324","EGFR exon 20 NSCLC","Metastatic NSCLC with EGFR exon 20 insertion","NSCLC","Phase 2","Recruiting","SITE-01","1","50","EGFR exon 20 insertion","Amendment 2"
"NCT99004325","KRAS G12C NSCLC","Metastatic NSCLC with KRAS G12C","NSCLC","Phase 1/2","Recruiting","SITE-01","2","45","KRAS G12C","Amendment 1"
"NCT99004326","ALK+ NSCLC","Metastatic NSCLC with ALK fusion","NSCLC","Phase 2","Recruiting","SITE-01","2","45","ALK fusion","Original protocol"
"NCT99004401","ES-SCLC maintenance","Extensive-stage SCLC","SCLC","Phase 3","Active not recruiting","SITE-01","1","40","","Amendment 1"
"NCT99004402","EGFR L858R NSCLC trial","Metastatic NSCLC with EGFR L858R","NSCLC","Phase 3","Recruiting","SITE-01","2","45","EGFR L858R","Original protocol"
"NCT99004501","HER2-positive breast trial","HER2-positive metastatic breast cancer","Breast HER2+","Phase 2","Recruiting","SITE-02","1","50","HER2 amplification","Amendment 1"
"NCT99004502","TNBC PARP inhibitor trial","BRCA-mutated triple-negative metastatic breast cancer","Breast TNBC","Phase 3","Recruiting","SITE-02","1","50","BRCA1 mutation","Original protocol"
"NCT99004601","MSI-H colorectal trial","Microsatellite instability-high metastatic colorectal cancer","Colorectal","Phase 2","Recruiting","SITE-03","1","45","MSI-H","Amendment 1"
"NCT99004602","BRAF V600E melanoma trial","BRAF V600E metastatic melanoma","Melanoma","Phase 2","Recruiting","SITE-03","1","45","BRAF V600E","Original protocol"
"NCT99004603","Pan-tumor PD-L1 high trial","PD-L1 high advanced solid tumors","Solid tumor","Phase 2","Recruiting","SITE-03","1","50","PD-L1 high (TPS >= 50%)","Amendment 1"
