"trial_id","criterion_id","kind","category","description","references_entity","param","comparator","value"
"NCT99004324","NCT99004324-DX","inclusion","diagnosis","Histologically confirmed Metastatic NSCLC with EGFR exon 20 insertion.","Patient","cancer_type","matches","NSCLC"
"NCT99004324","NCT99004324-BIO","inclusion","biomarker","Documented EGFR exon 20 insertion.","Biomarker","marker","present","EGFR exon 20 insertion"
"NCT99004324","NCT99004324-PS","inclusion","performance","ECOG performance status 0 to 1.","Patient","ecog_ps","<=","1"
"NCT99004324","NCT99004324-REN","inclusion","renal","Creatinine clearance >= 50 mL/min (CKD-EPI).","Lab","CrCl_CKD-EPI",">=","50"
"NCT99004324","NCT99004324-RX","exclusion","prior_therapy","Prior platinum-based chemotherapy for advanced or metastatic disease.","Treatment","drug_class","excludes","Platinum doublet"
"NCT99004325","NCT99004325-DX","inclusion","diagnosis","Histologically confirmed Metastatic NSCLC with KRAS G12C.","Patient","cancer_type","matches","NSCLC"
"NCT99004325","NCT99004325-BIO","inclusion","biomarker","Documented KRAS G12C.","Biomarker","marker","present","KRAS G12C"
"NCT99004325","NCT99004325-PS","inclusion","performance","ECOG performance status 0 to 2.","Patient","ecog_ps","<=","2"
"NCT99004325","NCT99004325-REN","inclusion","renal","Creatinine clearance >= 45 mL/min (CKD-EPI).","Lab","CrCl_CKD-EPI",">=","45"
"NCT99004325","NCT99004325-RX","exclusion","prior_therapy","Prior KRAS G12C-directed targeted therapy.","Treatment","drug_class","excludes","KRAS G12C inhibitor"
"NCT99004326","NCT99004326-DX","inclusion","diagnosis","Histologically confirmed Metastatic NSCLC with ALK fusion.","Patient","cancer_type","matches","NSCLC"
"NCT99004326","NCT99004326-BIO","inclusion","biomarker","Documented ALK fusion.","Biomarker","marker","present","ALK fusion"
"NCT99004326","NCT99004326-PS","inclusion","performance","ECOG performance status 0 to 2.","Patient","ecog_ps","<=","2"
"NCT99004326","NCT99004326-REN","inclusion","renal","Creatinine clearance >= 45 mL/min (CKD-EPI).","Lab","CrCl_CKD-EPI",">=","45"
"NCT99004326","NCT99004326-RX","exclusion","prior_therapy","Prior ALK-directed tyrosine kinase inhibitor.","Treatment","drug_class","excludes","ALK inhibitor"
"NCT99004401","NCT99004401-DX","inclusion","diagnosis","Histologically confirmed Extensive-stage SCLC.","Patient","cancer_type","matches","SCLC"
"NCT99004401","NCT99004401-PS","inclusion","performance","ECOG performance status 0 to 1.","Patient","ecog_ps","<=","1"
"NCT99004401","NCT99004401-REN","inclusion","renal","Creatinine clearance >= 40 mL/min (CKD-EPI).","Lab","CrCl_CKD-EPI",">=","40"
"NCT99004401","NCT99004401-RX","exclusion","prior_therapy","Prior maintenance checkpoint inhibitor for extensive-stage SCLC.","Treatment","drug_class","excludes","Maintenance immunotherapy"
"NCT99004402","NCT99004402-DX","inclusion","diagnosis","Histologically confirmed Metastatic NSCLC with EGFR L858R.","Patient","cancer_type","matches","NSCLC"
"NCT99004402","NCT99004402-BIO","inclusion","biomarker","Documented EGFR L858R.","Biomarker","marker","present","EGFR L858R"
"NCT99004402","NCT99004402-PS","inclusion","performance","ECOG performance status 0 to 2.","Patient","ecog_ps","<=","2"
"NCT99004402","NCT99004402-REN","inclusion","renal","Creatinine clearance >= 45 mL/min (CKD-EPI).","Lab","CrCl_CKD-EPI",">=","45"
"NCT99004402","NCT99004402-RX","exclusion","prior_therapy","Prior EGFR-directed tyrosine kinase inhibitor.","Treatment","drug_class","excludes","EGFR tyrosine kinase inhibitor"
"NCT99004501","NCT99004501-DX","inclusion","diagnosis","Histologically confirmed HER2-positive metastatic breast cancer.","Patient","cancer_type","matches","Breast HER2+"
"NCT99004501","NCT99004501-BIO","inclusion","biomarker","Documented HER2 amplification.","Biomarker","marker","present","HER2 amplification"
"NCT99004501","NCT99004501-PS","inclusion","performance","ECOG performance status 0 to 1.","Patient","ecog_ps","<=","1"
"NCT99004501","NCT99004501-REN","inclusion","renal","Creatinine clearance >= 50 mL/min (CKD-EPI).","Lab","CrCl_CKD-EPI",">=","50"
"NCT99004501","NCT99004501-RX","exclusion","prior_therapy","Prior anti-HER2 antibody-drug conjugate in the metastatic setting.","Treatment","drug_class","excludes","Anti-HER2 antibody-drug conjugate"
"NCT99004502","NCT99004502-DX","inclusion","diagnosis","Histologically confirmed BRCA-mutated triple-negative metastatic breast cancer.","Patient","cancer_type","matches","Breast TNBC"
"NCT99004502","NCT99004502-BIO","inclusion","biomarker","Documented BRCA1 mutation.","Biomarker","marker","present","BRCA1 mutation"
"NCT99004502","NCT99004502-PS","inclusion","performance","ECOG performance status 0 to 1.","Patient","ecog_ps","<=","1"
"NCT99004502","NCT99004502-REN","inclusion","renal","Creatinine clearance >= 50 mL/min (CKD-EPI).","Lab","CrCl_CKD-EPI",">=","50"
"NCT99004502","NCT99004502-RX","exclusion","prior_therapy","Prior PARP inhibitor therapy.","Treatment","drug_class","excludes","PARP inhibitor"
"NCT99004601","NCT99004601-DX","inclusion","diagnosis","Histologically confirmed Microsatellite instability-high metastatic colorectal cancer.","Patient","cancer_type","matches","Colorectal"
"NCT99004601","NCT99004601-BIO","inclusion","biomarker","Documented MSI-H.","Biomarker","marker","present","MSI-H"
"NCT99004601","NCT99004601-PS","inclusion","performance","ECOG performance status 0 to 1.","Patient","ecog_ps","<=","1"
"NCT99004601","NCT99004601-REN","inclusion","renal","Creatinine clearance >= 45 mL/min (CKD-EPI).","Lab","CrCl_CKD-EPI",">=","45"
"NCT99004601","NCT99004601-RX","exclusion","prior_therapy","Prior checkpoint inhibitor therapy.","Treatment","drug_class","excludes","Checkpoint inhibitor combination"
"NCT99004602","NCT99004602-DX","inclusion","diagnosis","Histologically confirmed BRAF V600E metastatic melanoma.","Patient","cancer_type","matches","Melanoma"
"NCT99004602","NCT99004602-BIO","inclusion","biomarker","Documented BRAF V600E.","Biomarker","marker","present","BRAF V600E"
"NCT99004602","NCT99004602-PS","inclusion","performance","ECOG performance status 0 to 1.","Patient","ecog_ps","<=","1"
"NCT99004602","NCT99004602-REN","inclusion","renal","Creatinine clearance >= 45 mL/min (CKD-EPI).","Lab","CrCl_CKD-EPI",">=","45"
"NCT99004602","NCT99004602-RX","exclusion","prior_therapy","Prior BRAF-directed targeted therapy.","Treatment","drug_class","excludes","BRAF inhibitor"
"NCT99004603","NCT99004603-DX","inclusion","diagnosis","Histologically confirmed PD-L1 high advanced solid tumors.","Patient","cancer_type","matches","Solid tumor"
"NCT99004603","NCT99004603-BIO","inclusion","biomarker","Documented PD-L1 high (TPS >= 50%).","Biomarker","marker","present","PD-L1 high (TPS >= 50%)"
"NCT99004603","NCT99004603-PS","inclusion","performance","ECOG performance status 0 to 1.","Patient","ecog_ps","<=","1"
"NCT99004603","NCT99004603-REN","inclusion","renal","Creatinine clearance >= 50 mL/min (CKD-EPI).","Lab","CrCl_CKD-EPI",">=","50"
"NCT99004603","NCT99004603-RX","exclusion","prior_therapy","Prior anti-PD-1 or anti-PD-L1 therapy.","Treatment","drug_class","excludes","PD-1 inhibitor"
